{"draw_idx": 119, "draws": null, "_stats": [{"depth": [1, 1, 1, 1, 2, 2, 4, 1, 4, 2, 3, 2, 3, 3, 3, 2, 2, 3, 2, 4, 3, 2, 2, 2, 3, 2, 2, 2, 4, 4, 2, 2, 2, 4, 4, 2, 2, 2, 2, 3, 2, 3, 3, 2, 2, 2, 2, 2, 1, 2, 4, 2, 4, 2, 2, 2, 4, 3, 3, 2, 3, 4, 3, 3, 3, 3, 4, 5, 6, 3, 3, 4, 4, 6, 5, 6, 5, 3, 6, 7, 5, 8, 6, 4, 8, 7, 8, 6, 4, 3, 7, 6, 7, 3, 6, 7, 5, 6, 5, 7, 5, 7, 7, 8, 7, 8, 6, 8, 7, 8, 8, 8, 8, 7, 8, 7, 2, 8, 8], "step_size": [0.3471094579176854, 0.03422476343534388, 0.002481643656050639, 0.00015902855249859144, 0.0001939633055298182, 0.0002811045894910682, 0.0004544348418900452, 0.0007879767400837125, 0.001428774672234948, 0.0026634713881032975, 0.005045733969103135, 0.005272820823674685, 0.000814027891157354, 0.0015726689949760704, 0.002723746205394183, 0.004199141958706555, 0.002206627560318565, 0.0026049290078567757, 0.0041379068578122355, 0.0010791398949878549, 0.002007698815922919, 0.003815761440050623, 0.0038028025320323007, 0.0019412828448381264, 0.0033621062079405295, 0.003982107146619036, 0.0036050498159928474, 0.004143149040368284, 0.0008730434275406361, 0.0015570695700398338, 0.0028368668494355236, 0.0043239849820126885, 0.003988499435533725, 0.0019248484551262458, 0.0029579736565497556, 0.004673884127522684, 0.006140056656203095, 0.003057556390801804, 0.0042948574857875335, 0.0047035601969960756, 0.007045413666992329, 0.00142549019626861, 0.0024267903003206267, 0.004086409941993853, 0.005528887731451187, 0.002289795579118377, 0.003826085906784164, 0.005821022284108993, 0.0053646775024711315, 0.004669987086919069, 0.0016049835003716316, 0.0026516780521175214, 0.002443840740494645, 0.0037870003966558835, 0.005118946895465282, 0.005065998520802357, 0.0015102058691206697, 0.0024652102986511995, 0.003999565059518322, 0.006450300934279361, 0.0015899730197457718, 0.002518135347901778, 0.003930738626449235, 0.005897510030952008, 0.004958346227305693, 0.005765433130013384, 0.001931173247533281, 0.002969341251003899, 0.004218758936464161, 0.006355531584703145, 0.002330227934147147, 0.002952126449550317, 0.004602991833285176, 0.0027994326715048007, 0.0035128830915276362, 0.004154729445272071, 0.006374844311632164, 0.0020755709833750074, 0.0031891228675059637, 0.003722812339936248, 0.0014568372951636824, 0.002231614533330326, 0.0033781386072077716, 0.0020561587282303135, 0.0029811720089252584, 0.002192672575030838, 0.003317154641785474, 0.003790094748938297, 0.005592737269722497, 0.0018794807949847501, 0.0026062840663785454, 0.003758758200866558, 0.005201421449234533, 0.001762936517788028, 0.0025082024202309028, 0.003632888143790891, 0.0046435730772965735, 0.001957430430971381, 0.002844623555288998, 0.004026762222357243, 0.0014375156177823545, 0.002109754725603744, 0.0030226464086220827, 0.004380321261209986, 0.0017242812363410397, 0.002490088638953208, 0.0036244565825733067, 0.0019101126486611084, 0.0025426712267155715, 0.003498060753295694, 0.004983229316810499, 0.001613166027441557, 0.0021773731227252287, 0.0031473242458424427, 0.004533794645653808, 0.006476872443803662, 0.0017022069319590064, 0.0023818689268276737, 0.0029780266525068046], "tune": [true, true, true, true, true, true, true, true, true, true, true, true, true, true, true, true, true, true, true, true, true, true, true, true, true, true, true, true, true, true, true, true, true, true, true, true, true, true, true, true, true, true, true, true, true, true, true, true, true, true, true, true, true, true, true, true, true, true, true, true, true, true, true, true, true, true, true, true, true, true, true, true, true, true, true, true, true, true, true, true, true, true, true, true, true, true, true, true, true, true, true, true, true, true, true, true, true, true, true, true, true, true, true, true, true, true, true, true, true, true, true, true, true, true, true, true, true, true, true], "mean_tree_accept": [0.0, 0.0, 0.0, 0.0, 1.0, 1.0, 1.0, 1.0, 1.0, 1.0, 1.0, 0.8085449997054148, 0.19613801377558412, 0.9979769060978975, 0.9633210671819569, 0.9264947528557675, 0.575109241769015, 0.838084402546181, 0.93700293635559, 0.3329756359070155, 0.9895489235844287, 1.0, 0.7813660814940753, 0.5489933742040846, 0.9723773644366239, 0.84141453969746, 0.7466764377426806, 0.8316857090505329, 0.2182377231460161, 0.9886301372433716, 1.0, 0.9374293184259747, 0.7520436396459192, 0.5071741196267011, 0.9433091748952513, 0.9566240147593149, 0.8880984308399817, 0.5121171876605284, 0.9148573551754525, 0.8185627375358381, 0.9438849003078769, 0.14319178354801226, 0.99463429614726, 0.9933739215272727, 0.9068025266600745, 0.4198971674112098, 0.9947842874479877, 0.9585752999155264, 0.7498000746074648, 0.7252152501374504, 0.3275949106551269, 0.9966637883304098, 0.7470057475184259, 0.9729195461528324, 0.9155566380866542, 0.7798125526207161, 0.24741306677797423, 1.0, 1.0, 1.0, 0.14887551503933688, 0.9919606599417388, 0.9878291256465072, 0.9719490972430813, 0.7047750481158176, 0.8556127069737532, 0.2710888374738019, 0.9862392789212369, 0.9509697717393963, 0.9808580465788536, 0.30380085030185155, 0.8978795175741093, 1.0, 0.5426479007432656, 0.8956748042316981, 0.8676755745630172, 0.9976177366461967, 0.22747152762459383, 0.9988535424422648, 0.8627876547602013, 0.31106550034730257, 0.9998028817745944, 0.9958875136979998, 0.530737778404063, 0.9756030720564202, 0.6261658306857086, 0.9997647503352683, 0.8551678170157672, 0.9900720370239305, 0.21216566428951666, 0.9574723917021776, 0.9799197131140005, 0.9596120518195572, 0.206649846133475, 0.9744233501732441, 0.9857704229456562, 0.9196147149854148, 0.3156767179885999, 0.9897352579020191, 0.9770328626948208, 0.21788695229499302, 0.9972027141540802, 0.9855584985219655, 0.9935981060769342, 0.26395331587659443, 0.9921414496068768, 0.9982657082420372, 0.42318888206885413, 0.9485186671805879, 0.9686582229187375, 0.9901155374110869, 0.1376142646771697, 0.9588580752961512, 0.9999782083549621, 0.9996015805378418, 0.9963273957682899, 0.003997622448456791, 0.9836469117231791, 0.9185412236508383],