{"mean":{"theta__0":0.5029854474,"theta__1":0.5024661644,"mean_delta":0.0018544572,"sigma":0.012834818,"kernel_f_l__0":0.2492469105,"kernel_f_eta":0.023635074,"kernel_delta_l":0.2589717737,"kernel_delta_eta":0.0249788403},"sd":{"theta__0":0.0985776683,"theta__1":0.1041331384,"mean_delta":0.2463415667,"sigma":0.0120550632,"kernel_f_l__0":0.2478349594,"kernel_f_eta":0.0234869527,"kernel_delta_l":0.2566586903,"kernel_delta_eta":0.0258630156},"mc_error":{"theta__0":0.0036205441,"theta__1":0.0038300922,"mean_delta":0.0081401629,"sigma":0.0003466307,"kernel_f_l__0":0.0069281855,"kernel_f_eta":0.0006765906,"kernel_delta_l":0.0069112728,"kernel_delta_eta":0.0007594505},"hpd_2.5":{"theta__0":0.3004708802,"theta__1":0.3137579929,"mean_delta":-0.4909550397,"sigma":0.0000008487,"kernel_f_l__0":0.0003063235,"kernel_f_eta":0.0000970086,"kernel_delta_l":0.0000165051,"kernel_delta_eta":0.0000054689},"hpd_97.5":{"theta__0":0.6880098469,"theta__1":0.7227013993,"mean_delta":0.4715461703,"sigma":0.0371285411,"kernel_f_l__0":0.7459430336,"kernel_f_eta":0.0745702029,"kernel_delta_l":0.7621742186,"kernel_delta_eta":0.0743086549}}