{"mean":{"beta":0.952366502,"a_vol":14.5835921227,"a_surf":16.8661258224,"a_sym":13.93099387,"a_C":0.5117280753,"ls__0":4.5915799741,"ls__1":6.7499366153,"eta":8.2988799907,"sigma":1.2693571986},"sd":{"beta":10.061792083,"a_vol":0.4492922219,"a_surf":1.5782796593,"a_sym":0.8403086988,"a_C":0.0527143088,"ls__0":1.1388797472,"ls__1":1.5925632255,"eta":2.3317546167,"sigma":0.1524121924},"mc_error":{"beta":0.4826064572,"a_vol":0.0450568696,"a_surf":0.1591030668,"a_sym":0.0627697223,"a_C":0.0047714748,"ls__0":0.1007922394,"ls__1":0.1448283902,"eta":0.2028208884,"sigma":0.0127736782},"hpd_2.5":{"beta":-17.0680310486,"a_vol":13.8680799378,"a_surf":13.9965023787,"a_sym":12.3502938948,"a_C":0.4203558642,"ls__0":2.9093793507,"ls__1":4.2252765765,"eta":4.7949839065,"sigma":0.923443391},"hpd_97.5":{"beta":22.3380501777,"a_vol":15.2497439477,"a_surf":19.333587814,"a_sym":15.483206552,"a_C":0.6051525859,"ls__0":6.7145745873,"ls__1":9.5580474058,"eta":13.3715055708,"sigma":1.5098098712}}