{"draw_idx": 14, "draws": null, "_stats": [{"depth": [1, 1, 1, 1, 2, 2, 4, 1, 4, 2, 2, 1, 2, 4], "step_size": [0.3471094579176854, 0.03422476343534388, 0.002481643656050639, 0.00015902855249859144, 0.0001939633055298182, 0.0002811045894910682, 0.0004544348418900452, 0.0007879767400837125, 0.001428774672234948, 0.0026634713881032975, 0.005045733969103135, 0.002024973807135854, 0.003354002247077682, 0.00032991698907311066], "tune": [true, true, true, true, true, true, true, true, true, true, true, true, true, true], "mean_tree_accept": [0.0, 0.0, 0.0, 0.0, 1.0, 1.0, 1.0, 1.0, 1.0, 1.0, 1.0, 0.5046539183604497, 0.9516388783703104, 0.04551259263378787], "step_size_bar": [0.3471094579176854, 0.08754278384004935, 0.018338080408926326, 0.003422706374753555, 0.0014505553730424449, 0.0009454468505676347, 0.0007974539499959212, 0.0007954521951850088, 0.0008903560195380763, 0.0010819052567970248, 0.0013960630561303108, 0.0014789586949724165, 0.0016668533264698434, 0.0013325944149527732], "tree_size": [1.0, 1.0, 1.0, 1.0, 3.0, 3.0, 15.0, 1.0, 15.0, 3.0, 3.0, 1.0, 3.0, 11.0], "diverging": [true, true, true, true, false, false, false, false, false, false, false, false, false, true], "energy_error": [0.0, 0.0, 0.0, 0.0, -0.2811022782443615, -0.42663015812649974, -19.357145792091615, -0.8245863328702399, -77.68293196878221, -2.6360786847835698, -11.537975685947458, 0.0, -0.036584953533747466, 1.0904095333899022], "energy": [-9095.57211554065, -9095.209037661698, -9096.155370831635, -9094.661830544617, -9093.550788619676, -9326.88903844104, -9597.717298987809, -16159.353634600178, -16357.181254459967, -22019.193341178503, -22198.982024490793, -22784.438513100107, -22782.976258675284, -22822.753035211383], "max_energy_error": [0.0, 0.0, Infinity, -2567.936921109118, -0.2811022782443615, -0.42663015812649974, -19.357145792091615, -0.8245863328702399, -78.00233850944278, -2.6360786847835698, -11.713564269313792, 0.6838823948164645, 0.09949767487341887, 91790.5848627036], "model_logp": [9098.341767907288, 9098.341767907288, 9098.341767907288, 9098.341767907288, 9328.603400924363, 9580.247848865845, 16159.250502112809, 16281.562809710042, 22019.106059147467, 22195.01530162772, 22786.070037186106, 22786.070037186106, 22829.958466927237, 22918.800619745074]}], "chain": 0}