{"draw_idx": 67, "draws": null, "_stats": [{"depth": [1, 1, 1, 1, 2, 2, 4, 1, 4, 2, 3, 2, 3, 3, 3, 2, 2, 3, 2, 4, 3, 2, 2, 2, 3, 2, 2, 2, 4, 4, 2, 2, 2, 4, 4, 2, 2, 2, 2, 3, 2, 3, 3, 2, 2, 2, 2, 2, 1, 2, 4, 2, 4, 2, 2, 2, 4, 3, 3, 2, 3, 4, 3, 3, 3, 3, 4], "step_size": [0.3471094579176854, 0.03422476343534388, 0.002481643656050639, 0.00015902855249859144, 0.0001939633055298182, 0.0002811045894910682, 0.0004544348418900452, 0.0007879767400837125, 0.001428774672234948, 0.0026634713881032975, 0.005045733969103135, 0.005272820823678971, 0.000814029655481175, 0.0015724985693893402, 0.00272474568059783, 0.004195439050581738, 0.0022126799896880294, 0.0026045892731031742, 0.004132704185008481, 0.0010803289073100615, 0.0020108958951178964, 0.003821786294141408, 0.0037918725878723076, 0.001949766754645515, 0.003372101537298447, 0.0039799071711138214, 0.003605873567345427, 0.004140454110292355, 0.000873329534768589, 0.001555434364221116, 0.00283391222967486, 0.004324123149758203, 0.0039845536078341355, 0.0019287406374458888, 0.0029608261661785433, 0.004674236533966106, 0.006141309508403099, 0.0030566717015135174, 0.004292160442245855, 0.004705874446251356, 0.007039607505006545, 0.0014259935062359737, 0.0024278249696823473, 0.004089480983287905, 0.005523787370318002, 0.0022919291494091928, 0.0038290129821204576, 0.005815082620653378, 0.005362838684491861, 0.004667213087337755, 0.0016034139378993226, 0.002646233898664124, 0.0024414936379272634, 0.003783727074589451, 0.0051158549956549166, 0.005059268108430648, 0.001508050780798954, 0.0024617138492852445, 0.003993926609620397, 0.006441261745957333, 0.0015844780491984646, 0.002510394296863084, 0.003923643080004514, 0.005886261519943902, 0.004972210960228376, 0.0057710958880590165, 0.0019122069350734538], "tune": [true, true, true, true, true, true, true, true, true, true, true, true, true, true, true, true, true, true, true, true, true, true, true, true, true, true, true, true, true, true, true, true, true, true, true, true, true, true, true, true, true, true, true, true, true, true, true, true, true, true, true, true, true, true, true, true, true, true, true, true, true, true, true, true, true, true, true], "mean_tree_accept": [0.0, 0.0, 0.0, 0.0, 1.0, 1.0, 1.0, 1.0, 1.0, 1.0, 1.0, 0.808544999705673, 0.19613870507237996, 0.9979414581249653, 0.9634742343263678, 0.9260896228434512, 0.5762928015375265, 0.8371445231215832, 0.936627461380776, 0.3337635065610874, 0.9897177517765555, 1.0, 0.7798376144140476, 0.5514968807512409, 0.9719031245338774, 0.8401804763679969, 0.7469528607573687, 0.831370732867896, 0.21859000259360095, 0.9881278164558566, 1.0, 0.9378248540804525, 0.751661331528739, 0.5083067168897119, 0.9429136064188074, 0.956286333918162, 0.8881483514500514, 0.5119256976906962, 0.914723583687323, 0.8190036169535929, 0.9433621303484935, 0.1436617391707051, 0.9946649316102748, 0.9935074462394057, 0.9061183936384709, 0.42066000596332437, 0.9947177091809959, 0.9578300580940432, 0.7500829275978376, 0.7251076352039072, 0.32742913660708184, 0.9961981337954579, 0.7474735084973457, 0.9729587439154078, 0.915668422517641, 0.7794910750892102, 0.24736567443001062, 1.0, 1.0, 1.0, 0.1479355741290636, 0.9921265923791568, 0.9884059221153579, 0.9718969712489868, 0.7069568330470872, 0.8547730977421197, 0.2659874179467675], "step_size_bar": [0.3471094579176854, 0.08754278384004935, 0.018338080408926326, 0.003422706374753555, 0.0014505553730424449, 0.0009454468505676347, 0.0007974539499959212, 0.0007954521951850088, 0.0008903560195380763, 0.0010819052567970248, 0.0013960630561303108, 0.0017156140827750694, 0.0015386051027741008, 0.0015432442027716116, 0.0016627487315511815, 0.0018666825776289778, 0.0019049832864784014, 0.0019744060363462664, 0.002141346996217686, 0.0019919079504458893, 0.001993835305476942, 0.002125724130216222, 0.0022461503461619074, 0.0022170277061843596, 0.0023017665806928382, 0.00241387752439068, 0.0024970676920551813, 0.0026029923973477946, 0.00238517130229556, 0.0023069348550905635, 0.0023433460107152083, 0.002452514417306458, 0.0025405023660965234, 0.00249127782559561, 0.002521352630642555, 0.0026295045425114407, 0.0027824647304529617, 0.0027996045235990164, 0.002877319120755766, 0.0029677048690304577, 0.003130205548387777, 0.0029845328071504687, 0.0029480643365965425, 0.003005083269895468, 0.0031122407996962034, 0.0030587968994580566, 0.003097307334025467, 0.00320616586975517, 0.0032964684620627256, 0.003357994765799823, 0.003230413822141021, 0.003197307999179502, 0.0031537087304081422, 0.0031826751991565795, 0.0032583552860739103, 0.003329147424845735, 0.003204456923744076, 0.0031645041385571213, 0.003199296674658593, 0.0033048516584926976, 0.0031953981627226473, 0.0031606950152175397, 0.0031914058626459243, 0.003278924310843912, 0.003339105317015741, 0.003418946503330016, 0.0033351567183388313], "tree_size": [1.0, 1.0, 1.0, 1.0, 3.0, 3.0, 15.0, 1.0, 15.0, 3.0, 7.0, 3.0, 7.0, 7.0, 7.0, 3.0, 3.0, 7.0, 3.0, 15.0, 7.0, 3.0, 3.0, 3.0, 7.0, 3.0, 3.0, 3.0, 14.0, 15.0, 3.0, 3.0, 3.0, 15.0, 15.0, 3.0, 3.0, 3.0, 3.0, 7.0, 3.0, 7.0, 7.0, 3.0, 3.0, 3.0, 3.0, 3.0, 1.0, 3.0, 15.0, 3.0, 15.0, 3.0, 3.0, 3.0, 15.0, 7.0, 7.0, 3.0, 7.0, 15.0, 7.0, 7.0, 7.0, 7.0, 15.0], "diverging": [true, true, true, true, false, false, false, false, false, false, false, false, false, false, false, false, false, false, false, false, false, false, false, false, false, false, false, false, true, false, false, false, false, false, false, false, false, false, false, false, false, false, false, false, false, false, false, false, false, false, false, false, false, false, false, false, false, false, false, false, false, false, false, false, false, false, false], "energy_error": [0.0, 0.0, 0.0, 0.0, -0.1820748000736785, -0.2794128235327662, -13.37777913044556, -0.6311845329273638, -69.49279766817017, -3.206791460635941, -14.193711430225449, -5.088551189901409, 0.0, -0.0016963580310402904, 0.04560611375745793, 0.1089216221425886, 0.20527164136183274, 0.1801425231496978, 0.09893290650688868, -0.24638188233802794, 0.018134055306290975, -0.0023607514485775027, -0.07388487975549651, 0.2263207971900556, 0.05733864228568564, 0.37441038774522895, -0.19621908313092717, 0.21859766011039028, 0.5045903279751656, 0.03713048622375936, -0.01821768603986129, 0.00994971648651699, 0.19661849155818345, 0.1966023599870823, 0.08868274608903448, 0.05914218632460688, 0.2666664001553727, 0.06326013802936359, 0.09763113159715431, 0.4440306475262332, 0.0117183713518898, 0.0, 0.005575410679739434, -0.006326132592221256, 0.016826210525323404, 0.584917417865654, -0.03836917286753305, -0.03570330537695554, 0.0, 0.6127064579304715, 0.20170152607170166, 0.008168390770151746, 0.056697799165704055, 0.05636135949680465, 0.0852308699322748, 0.6510586973163299, -48.69951859327921, -1.8705373058328405, -43.58990514186007, -5.266449647035188, -0.5286405195656698, -0.039437092185835354, 0.005085341166704893, -0.13479090724649723, 0.1148228174133692, 0.14942561339194071, 0.9509961831536202],