{"draw_idx": 45, "draws": null, "_stats": [{"accept": [0.0, Infinity, 0.0, 0.0, 0.0, 0.0, 1.0008585724238162e+100, 0.0, 0.0, 3.154908206056389e+133, 0.0, 0.0, 2.9555491688065565e-70, 0.0, 0.0, 1.643889619979976e-203, 2.9876404652444504e-153, 0.0, 0.0, 0.0, 0.0, 0.0, 5.317259316099838e-234, 0.0, 2.3788877994214802e-39, 0.0, 0.0, 0.0, 0.0, 0.0, 0.0, 1.4559205429401575e-237, 0.0, 0.0, 63267.87356921045, 0.0, 0.0, 0.0, 0.0, 0.0, 0.0, 0.0, 0.0, 0.0, 0.0], "tune": [true, true, true, true, true, true, true, true, true, true, true, true, true, true, true, true, true, true, true, true, true, true, true, true, true, true, true, true, true, true, true, true, true, true, true, true, true, true, true, true, true, true, true, true, true]}, {"accept": [0.0, 0.0, 7.271562908555132e+161, 0.0, 0.0, 0.0, 0.0, 2.4605326617727483e-40, 4.000854716481934e+73, 0.0, 2.7096323813999556e+100, 0.0, 40.66724818740636, 6795410201.822945, 5.483854145972284e-140, 8.339016517541314e-146, 0.0, 3.478890710304979e-257, 4.513447124863136e-158, 1.2228560821319147e-133, 2154684.861726082, 8.670130050010483e-80, 7.100694195066516e-274, 2.0847621140321703e-162, 9673741265268.65, 1.748553648795042e-28, 7.461499421861911e-261, 1.5296785769601524e-13, 2.763603181840088e-73, 0.05470457466868801, 2.986694518675246e-11, 4.7535089914597426e-276, 0.0, 2.140225564009081e-141, 1.0176208394738954e-241, 5.146280923893962, 5.189910158374533e-49, 2.911507542567644e-173, 9.002613064764495e-54, 4.338685515473959e-116, 1.314435110199673e-242, 0.0, 2.3345385936984194e-28, 8.918745538382098e-24, 3.371165344781854e-107], "tune": [true, true, true, true, true, true, true, true, true, true, true, true, true, true, true, true, true, true, true, true, true, true, true, true, true, true, true, true, true, true, true, true, true, true, true, true, true, true, true, true, true, true, true, true, true]}, {"accept": [Infinity, Infinity, 0.0, 1.0193989411989903e-223, 0.0, 0.0, 3.6599597197453476e+144, 4.068732737629114e+59, 0.0, 0.0, 0.0, 0.0, 0.0, 0.0, 4.133819741507017e-83, 0.0, 7.7155153953740585e-53, 0.0, 0.0, 0.0, 0.0, 0.0, 20.93989222787315, 0.0, 0.0, 0.0, 6.752810846646925e-08, 1.5343910419709828e-13, 0.0, 0.0, 0.0, 0.0, 0.0, 0.0, 0.0, 1.7649002036730222e-35, 1.8030593097114208e-45, 0.0, 0.0, 1.5565247824707282e-98, 0.36313466618530005, 6.839345641442535e-228, 2.8722263856894275e-07, 0.0, 4.135200915708801e-06], "tune": [true, true, true, true, true, true, true, true, true, true, true, true, true, true, true, true, true, true, true, true, true, true, true, true, true, true, true, true, true, true, true, true, true, true, true, true, true, true, true, true, true, true, true, true, true]}, {"accept": [9.439559266871722e-70, 0.0, 0.0, 0.0, 0.0, 0.0, Infinity, 0.0, Infinity, 0.0, 2.9912093301138066e-188, 0.0, 0.0, 0.0, 8.273305259053289e+178, 0.0, 0.0, 0.0, 0.0, 5.162477461233324e+18, 4.5302805783916545e-12, 1.1144196801824303e-261, 2.6353690949671233e-250, 0.0, 0.0, 4.1290703503436673e-35, 0.0, 0.0, 0.0, 0.0, 0.0, 0.0, 5.3680529667625955e-132, 0.0, 7.829211336185117e-11, 0.0, 0.0, 1.3679220348041468e+26, 0.0, 0.0, 7.05996193307881e-286, 0.0, 3.796870412314093e-85, 0.0, 0.0], "tune": [true, true, true, true, true, true, true, true, true, true, true, true, true, true, true, true, true, true, true, true, true, true, true, true, true, true, true, true, true, true, true, true, true, true, true, true, true, true, true, true, true, true, true, true, true]}, {"accept": [Infinity, 7.338962187949361e-307, 0.0, Infinity, 0.0, 0.0, 0.0, 0.0, 0.0, 0.0, 0.0, 0.0, 0.0, Infinity, 0.0, 0.0, 0.0, 0.0, 0.0, 2.3843174697198483e+224, 0.0, 0.0, 0.0, 0.0, 0.0, 0.0, 0.0, 0.0, 0.0, 0.0, 0.0, 0.0, 0.0, 0.0, 0.0, 0.0, 0.0, 0.0, 0.0, 0.0, 0.0, 0.0, 0.0, 0.0, 0.0], "tune": [true, true, true, true, true, true, true, true, true, true, true, true, true, true, true, true, true, true, true, true, true, true, true, true, true, true, true, true, true, true, true, true, true, true, true, true, true, true, true, true, true, true, true, true, true]}, {"accept": [0.0, 0.0, 0.0, 1.893166171087638, 4.6059881180572774e-259, 0.0, 0.0, 1.3810260720575386e-237, 3.566733572214204e-34, 0.0, 0.0, 0.0, 0.0, 3.161082322899453e+39, 1.1101986522088118e-46, 1.3303084098897903e-229, 0.0, 1.0622505824892574e-33, 6.583642969750412e-114, 0.0, 0.0, 0.0, 4.4121023905245966e-242, 1.3000391341651287e-59, 0.0, 7.138857592204805e-192, 0.0, 0.0, 0.0, 3.375666574658786e-272, 1.9396951749022663e-196, 0.0, 9.487304817316764e-12, 0.0, 0.0, 0.0, 0.0, 966.3211968623983, 0.0, 3.081893637600505e-62, 0.0, 0.0, 9.568403308024286e-14, 0.0, 0.0], "tune": [true, true, true, true, true, true, true, true, true, true, true, true, true, true, true, true, true, true, true, true, true, true, true, true, true, true, true, true, true, true, true, true, true, true, true, true, true, true, true, true, true, true, true, true, true]}, {"accept": [0.0, 0.0, 0.0, 0.0, 0.0, 0.0, 0.0, 0.0, 0.0, 0.0, 0.0, 0.0, 0.0, 0.0, 0.0, 0.0, 0.0, 0.0, 0.0, 0.0, 0.0, 0.0, 0.0, 0.0, 0.0, 0.0, 0.0, 0.0, 0.0, 0.0, 1.0923800046432e-243, 0.0, 0.0, 0.0, 0.0, 0.0, 6.946946221565723e-61, 1.4639793285185483e-255, 0.0, 0.0, 0.0, 0.0, 0.0, 0.0, 0.0], "tune": [true, true, true, true, true, true, true, true, true, true, true, true, true, true, true, true, true, true, true, true, true, true, true, true, true, true, true, true, true, true, true, true, true, true, true, true, true, true, true, true, true, true, true, true, true]}], "chain": 0}