{"draw_idx": 95, "draws": null, "_stats": [{"depth": [1, 1, 1, 1, 2, 2, 4, 1, 4, 2, 2, 1, 2, 4, 4, 4, 2, 2, 2, 2, 2, 2, 3, 2, 2, 1, 4, 3, 3, 2, 2, 2, 1, 2, 2, 2, 2, 4, 3, 2, 4, 3, 3, 5, 4, 3, 3, 2, 2, 3, 2, 3, 3, 3, 3, 2, 2, 3, 3, 2, 2, 2, 3, 3, 3, 2, 4, 3, 4, 2, 2, 2, 2, 2, 2, 2, 3, 3, 3, 3, 2, 4, 3, 3, 2, 2, 2, 3, 2, 3, 2, 3, 2, 4, 2], "step_size": [0.3471094579176854, 0.03422476343534388, 0.002481643656050639, 0.00015902855249859144, 0.0001939633055298182, 0.0002811045894910682, 0.0004544348418900452, 0.0007879767400837125, 0.001428774672234948, 0.0026634713881032975, 0.005045733969103135, 0.002024875599957932, 0.0033566024569940674, 0.0003300152553500199, 0.0006463269313785756, 0.0012292504387202202, 0.002339377230003265, 0.0020105328109037836, 0.003137480832054618, 0.0024015559704921494, 0.0027544507344951833, 0.0022463143353647413, 0.001804840211330618, 0.00258364843202037, 0.002922048530416004, 0.004228874082090048, 0.0005426457918344348, 0.0010094322582232047, 0.0017364171126138682, 0.002971165200711243, 0.003148012999348526, 0.0025852178509582686, 0.0038728397894898133, 0.0010829364504202754, 0.0019251093553597396, 0.003086654260013741, 0.002435765304975188, 0.0011159561975430574, 0.0018695478945568327, 0.0029839673655539032, 0.0009345215902300389, 0.0015945165095323647, 0.0024877121392667453, 0.0006543515638348264, 0.001084145576509477, 0.0017723174173689185, 0.001906226698850297, 0.002954207364557957, 0.0020846990562783576, 0.0026557236083139617, 0.002514572264020287, 0.0010495425633323585, 0.0016065142837449772, 0.0015074562907154653, 0.002030768269905357, 0.0026532159147117994, 0.0014993013935450745, 0.0019589843820013607, 0.0017302200412338403, 0.0024153052901631743, 0.001960639656989565, 0.0023961496212982453, 0.0011545409254635815, 0.0016356586522647601, 0.0017084024298281817, 0.0022534006077850636, 0.0006959168807707249, 0.0010629022993319758, 0.0011767801183420455, 0.001755253854446521, 0.002141472980053898, 0.0021500792045567717, 0.0019201596371222775, 0.0019995705966966877, 0.001977268737248213, 0.0017621804141198974, 0.0011076173578151488, 0.0013929525582639152, 0.001313315840826595, 0.0007679362732222291, 0.001156145984876319, 0.0007983973795546334, 0.0011413436565866372, 0.0013061810293382892, 0.0016456488464476498, 0.0016169944170246415, 0.0017300458949078407, 0.0008994750320912044, 0.001247808576397585, 0.001148479330113021, 0.0014956317650732629, 0.000956727224080533, 0.0013333551001239983, 0.000574640149777262, 0.0008502204566914996], "tune": [true, true, true, true, true, true, true, true, true, true, true, true, true, true, true, true, true, true, true, true, true, true, true, true, true, true, true, true, true, true, true, true, true, true, true, true, true, true, true, true, true, true, true, true, true, true, true, true, true, true, true, true, true, true, true, true, true, true, true, true, true, true, true, true, true, true, true, true, true, true, true, true, true, true, true, true, true, true, true, true, true, true, true, true, true, true, true, true, true, true, true, true, true, true, true], "mean_tree_accept": [0.0, 0.0, 0.0, 0.0, 1.0, 1.0, 1.0, 1.0, 1.0, 1.0, 1.0, 0.5046385178039318, 0.9519014530116733, 0.04536092932643593, 0.999819753230813, 0.9915005082287759, 0.9934916784103334, 0.7334890380553762, 0.930402164456706, 0.6933561450255529, 0.8281972218564534, 0.7122966234724241, 0.7057009850059922, 0.9045956420302567, 0.8240840938196627, 0.9117380381659218, 0.05125629616724582, 0.9988553074909292, 0.9742455063274035, 0.9755884633249406, 0.8023779614505844, 0.7081619916104002, 0.9319793158485392, 0.3011774801546924, 0.9969639495650319, 0.9609334136193616, 0.6899471471161353, 0.4769056590815739, 0.980970140955005, 0.9649781839146825, 0.31927567667901696, 0.992636748476503, 0.9596989321234289, 0.23774693837273414, 0.9845283248797362, 0.9820201240518825, 0.810907062268946, 0.9643116998874409, 0.6353601278116437, 0.8840832424295245, 0.7588229183514478, 0.4064660741995057, 0.963933250790614, 0.753304295749259, 0.9115266443201013, 0.8997540525570535, 0.5294147606256138, 0.9006004122324861, 0.7262542122336841, 0.9325100363550604, 0.6879750049988201, 0.8740094647430672, 0.44714984324914514, 0.9421817678230767, 0.8023216021532737, 0.9117945248661075, 0.23044318371746644, 0.9804323935756961, 0.8297133974752515, 0.9728217205796786, 0.8783656075691001, 0.7852994950773152, 0.7285165207156231, 0.8030275361086723, 0.7779170956978247, 0.7266654564087401, 0.55307220057108, 0.8963818019522977, 0.753357167060219, 0.5127907150505241, 0.9883748262486775, 0.5945304148193352, 0.9641835075370965, 0.8519072746194218, 0.9021539660067696, 0.7746588154713286, 0.8189176975546962, 0.4423477501802914, 0.9542840823729671, 0.7396558101696772, 0.9230651388107897, 0.5463723980475786, 0.9602271399362051, 0.3323576986434998, 0.9929419726488016], "step_size_bar": [0.3471094579176854, 0.08754278384004935, 0.018338080408926326, 0.003422706374753555, 0.0014505553730424449, 0.0009454468505676347, 0.0007974539499959212, 0.0007954521951850088, 0.0008903560195380763, 0.0010819052567970248, 0.0013960630561303108, 0.0014789475699004315, 0.001667031304878272, 0.0013327718810145642, 0.0012120468565829643, 0.0012141840677705024, 0.0013131186787022917, 0.0013787154118861332, 0.0015090893223322765, 0.0015850769385581914, 0.001676925895322481, 0.0017258848329316987, 0.0017332513356756308, 0.0017982517986458273, 0.00187805510458182, 0.0020152289523145375, 0.0018039216915959936, 0.0017199000071850615, 0.0017212159119137965, 0.0017961029661937228, 0.0018744817657128856, 0.001919809939792551, 0.002020196892340195, 0.0019326877415303846, 0.0019321601239284253, 0.0019947376505349114, 0.002021474633588316, 0.0019445085067441433, 0.0019396163941547034, 0.0019928644811926088, 0.0019018638278539125, 0.0018816528326282126, 0.0019132021039575562, 0.0017967464935497517, 0.0017452557000272415, 0.0017467767050643199, 0.0017552979218618569, 0.0018061291907957816, 0.001820171884710255, 0.0018571122510067269, 0.0018868406058599775, 0.0018305447462521164, 0.0018184193107932277, 0.0018013797257192268, 0.0018121023621458553, 0.0018461699912705899, 0.001827741485924986, 0.0018337820342536892, 0.0018287813365927559, 0.0018525318380498504, 0.001857351869189995, 0.0018788873437526467, 0.0018384126603542908, 0.0018289428430137426, 0.0018235038067704922, 0.0018402500134711874, 0.001765400004608817, 0.001727976419129061, 0.001700469401399919, 0.0017026989379768137, 0.0017187349383280413, 0.0017343759061287797, 0.0017414572585605023, 0.0017510230112437646, 0.0017593918676701917, 0.0017595001199643434, 0.0017284494161153604, 0.001714296330244283, 0.001697145082480181, 0.0016475714182776905, 0.0016260982543700431, 0.0015841993409669306, 0.0015654225979645391, 0.0015552413696458816, 0.0015583836944144014, 0.0015604223573381436, 0.0015660851820558006, 0.0015361495303895963, 0.0015251678747990403, 0.0015104333437980808, 0.0015099285766238528, 0.001486912351440015, 0.0014815101251636378, 0.00143575415052049, 0.0014112441398360872], "tree_size": [1.0, 1.0, 1.0, 1.0, 3.0, 3.0, 15.0, 1.0, 15.0, 3.0, 3.0, 1.0, 3.0, 11.0, 15.0, 15.0, 3.0, 3.0, 3.0, 3.0, 3.0, 3.0, 7.0, 3.0, 3.0, 1.0, 10.0, 7.0, 7.0, 3.0, 3.0, 3.0, 1.0, 3.0, 3.0, 3.0, 3.0, 15.0, 7.0, 3.0, 15.0, 7.0, 7.0, 31.0, 15.0, 7.0, 7.0, 3.0, 3.0, 7.0, 3.0, 7.0, 7.0, 7.0, 7.0, 3.0, 3.0, 7.0, 7.0, 3.0, 3.0, 3.0, 7.0, 7.0, 7.0, 3.0, 15.0, 7.0, 15.0, 3.0, 3.0, 3.0, 3.0, 3.0, 3.0, 3.0, 7.0, 7.0, 7.0, 7.0, 3.0, 15.0, 7.0, 7.0, 3.0, 3.0, 3.0, 7.0, 3.0, 7.0, 3.0, 7.0, 3.0, 15.0, 3.0],