{"draw_idx": 30, "draws": null, "_stats": [{"depth": [1, 1, 1, 1, 2, 2, 4, 1, 4, 2, 1, 1, 2, 1, 1, 4, 3, 2, 3, 2, 2, 1, 2, 2, 3, 2, 2, 1, 4, 3], "step_size": [0.3471094579176854, 0.03422476343534388, 0.002481643656050639, 0.00015902855249859144, 0.0001939633055298182, 0.0002811045894910682, 0.0004544348418900452, 0.0007879767400837125, 0.001428774672234948, 0.0026634713881032975, 0.005045733969103135, 0.00041325481947838575, 0.00080186288367614, 0.0014991701300822453, 0.002027382129169939, 0.00022394433973378712, 0.0004377360408221928, 0.0008469775946616645, 0.0013796414568760427, 0.001683903249851423, 0.000639439081019945, 0.00122341718068002, 0.0017609853699372215, 0.0013800439302932256, 0.0009629510815113907, 0.0014765162902846615, 0.0016967455234001218, 0.002368857488522608, 0.0003135493609573149, 0.0005782159911123275], "tune": [true, true, true, true, true, true, true, true, true, true, true, true, true, true, true, true, true, true, true, true, true, true, true, true, true, true, true, true, true, true], "mean_tree_accept": [0.0, 0.0, 0.0, 0.0, 1.0, 1.0, 1.0, 1.0, 1.0, 1.0, 1.0, 1.2531933388580952e-08, 0.9998805300314489, 0.9874292390029298, 0.883375531790455, 0.06913809244238739, 0.9981204873147317, 0.9969938734682219, 0.9423598736550228, 0.8475911269751407, 0.45331235818617266, 0.9989730687838868, 0.9045177257323115, 0.6954525581428056, 0.6531771197685311, 0.9287973125292531, 0.828591157867434, 0.8992649167880818, 0.04816635292973573, 0.9977160509282983], "step_size_bar": [0.3471094579176854, 0.08754278384004935, 0.018338080408926326, 0.003422706374753555, 0.0014505553730424449, 0.0009454468505676347, 0.0007974539499959212, 0.0007954521951850088, 0.0008903560195380763, 0.0010819052567970248, 0.0013960630561303108, 0.001155860003601945, 0.001095745162288597, 0.001144247018979813, 0.0012334222393750995, 0.0009965298548205884, 0.0009032660784475009, 0.000896639882046514, 0.0009401186304344946, 0.000999881127562701, 0.0009553383612212971, 0.0009788849668854987, 0.0010351748396406919, 0.0010629932435700777, 0.0010536371162805772, 0.0010849723952421086, 0.0011267150290815242, 0.0011976430347928277, 0.0010758549390226162, 0.0010249834041638512], "tree_size": [1.0, 1.0, 1.0, 1.0, 3.0, 3.0, 15.0, 1.0, 15.0, 3.0, 1.0, 1.0, 3.0, 1.0, 1.0, 11.0, 7.0, 3.0, 7.0, 3.0, 3.0, 1.0, 3.0, 3.0, 7.0, 3.0, 3.0, 1.0, 12.0, 7.0], "diverging": [true, true, true, true, false, false, false, false, false, false, false, false, false, false, false, true, false, false, false, false, false, false, false, false, false, false, false, false, true, false], "energy_error": [0.0, 0.0, 0.0, 0.0, -0.31572621353552677, -0.5222841106151463, -22.252037086211203, -0.8980683562622289, -80.08700519842387, -1.2003214464057237, -1.6138717213179916, 0.0, 0.00035847414983436465, 0.012650441480218433, 0.12400487797276583, 1.6986403335613431, 0.002169366751331836, 0.002504131436580792, 0.042813073770958, 0.0790195787412813, 0.24273310181160923, 0.0010274588712491095, 0.2198340243776329, 0.1520060354814632, 0.059330463758669794, 0.0633123763545882, 0.10163554751488846, 0.10617760851164348, 0.0, 4.309335781726986e-05], "energy": [-32863.08009990658, -32862.71702202763, -32863.66335519757, -32862.16981491055, -32861.0933969209, -33119.19652066546, -33428.314554589284, -40748.60347384715, -40962.98545814103, -47327.76588942211, -47824.07797758172, -48153.443018122416, -48152.334672482815, -48184.53725363876, -48210.47930644282, -48295.03984808558, -49060.90299558666, -49066.58749268355, -49079.1593303361, -49316.08093708297, -49385.75585134291, -49492.017586907416, -49496.3434300681, -49731.11178936617, -49835.200270076806, -49898.39464813014, -50012.88578220543, -50071.67044417364, -50150.83997945291, -50145.200492365984], "max_energy_error": [0.0, 0.0, Infinity, -2922.113192906436, -0.31572621353552677, -0.5222841106151463, -22.252037086211203, -0.8980683562622289, -80.50972875511798, -1.2003214464057237, -1.6138717213179916, 18.194985779176932, -0.0012339546956354752, 0.012650441480218433, 0.12400487797276583, 1104.779773768867, 0.004143092839512974, 0.006281462061451748, 0.15226032423379365, 0.3412604090117384, 1.8905309998081066, 0.0010274588712491095, 0.2198340243776329, 0.7710443160322029, 1.2786515618208796, 0.14890534181904513, 0.39547253630007617, 0.10617760851164348, Infinity, 0.007857151547796093], "model_logp": [32865.84975227322, 32865.84975227322, 32865.84975227322, 32865.84975227322, 33120.81522919629, 33407.95021329241, 40748.426859276784, 40884.962940399884, 47329.11436439103, 47830.03535963695, 48155.80118314813, 48155.80118314813, 48185.08456567129, 48213.72925307418, 48301.322690231886, 49063.286185976205, 49071.52150869396, 49083.49418328109, 49318.99883839274, 49391.07825153609, 49493.548842981094, 49501.64508839515, 49735.47673084935, 49836.61707653658, 49899.65767516714, 50021.71849303981, 50075.9047946566, 50152.12346236211, 50152.12346236211, 50160.038033946184]}], "chain": 0}