{"draw_idx": 121, "draws": null, "_stats": [{"accept": [0.0, Infinity, 0.0, 0.0, 0.0, 0.0, 9.442520460372397e+93, 0.0, 0.0, 1.7804521874897361e+109, 0.0, 0.0, 6.17279458059336e-76, 0.0, 0.0, 1.905367570439727e-86, 3.4251670419447746e-273, 0.0, 0.0, 1.8130781493069563e-29, 0.0, 0.0, 0.0, 0.0, 0.0, 0.0, 0.0, 0.0, 0.0, 0.0, 0.0, 8.699061037520222e-226, 0.0, 0.0, 116188.09752268023, 0.0, 0.0, 0.0, 0.0, 0.0, 0.0, 0.0, 0.0, 0.0, 0.0, 0.0, 0.0, 2.032460298243864e-176, 0.0, 0.0, 0.0, 0.0, 3.2121878913471196e-08, 0.008427904263426855, 0.0, 0.0, 6.258772800263449e-22, 0.0, 8.174057117121055e-186, 0.0, 0.0, 0.0, 0.0, 0.0, 0.0, 0.0, 0.0, 0.0, 0.0, 0.0, 0.0, 0.0, 0.0, 3.009831276460832e-64, 0.0, 0.0, 0.0, 0.0, 0.0, 0.0, 0.0, 0.0, 0.0, 0.0, 9.308543480362419, 2.0973528910938353e-267, 0.0, 0.0, 0.0, 1.8865462914423638e-22, 0.0, 0.0, 0.0, 3.708879403329522e-138, 5.951355795932775e-36, 0.0, 7.764345398757934e-75, 0.0, 0.0, 1.637905914427379e-25, 0.0, 0.0, 0.0, 6.060653010505916e-133, 0.0, 0.0, 0.0, 3.598974366933656e-198, 0.0, 4.916873011391118e-07, 0.0, 0.0, 0.0, 0.0, 0.0, 0.0, 1.6391084992141415e-124, 0.0, 7.368039742555077e-134, 0.0, 1.0495704660012534e-46], "tune": [true, true, true, true, true, true, true, true, true, true, true, true, true, true, true, true, true, true, true, true, true, true, true, true, true, true, true, true, true, true, true, true, true, true, true, true, true, true, true, true, true, true, true, true, true, true, true, true, true, true, true, true, true, true, true, true, true, true, true, true, true, true, true, true, true, true, true, true, true, true, true, true, true, true, true, true, true, true, true, true, false, false, false, false, false, false, false, false, false, false, false, false, false, false, false, false, false, false, false, false, false, false, false, false, false, false, false, false, false, false, false, false, false, false, false, false, false, false, false, false, false]}, {"accept": [0.0, 0.0, 6.236967309336218e+200, 0.0, 0.0, 0.0, 0.0, 8.730486381833169e-47, 6.273108698787628e+77, 0.0, 4.896311729924081e+122, 0.0, 99.63446410156222, 6.428859895729069e+19, 0.0014407636040000686, 33.640384639822436, 0.0, 3.942704989160047e-307, 8.965842477951659, 1.3965149437339959e-305, 3.931950379391988e-08, 0.0, 2.568282267345005e-247, 2.3986794649855117e-196, 0.4012464403695055, 2.3252955205099488e-297, 4.712368417588718e-38, 6.99897133350786e-32, 1.4321012628121043e-59, 8.211696697928199e-13, 0.0, 1.7993248320015797e-264, 0.0, 1.1227910793513255e-195, 7.637534839576069e-226, 1.736144322150678e-06, 2.3519376944968056e-53, 5.984693504097831e-193, 3.7576012834203057e-82, 5.440850279947793e-76, 2.0970574698861633e-272, 0.0, 2.16312486965576e-27, 38.05469190565357, 1.4642273864644822e-123, 111.19399508850195, 0.0, 5.318590521128032e-95, 2.574432237542303e-121, 54.03883850342681, 1.7492862308323512e-91, 2.440477222301002e-177, 2.7118162395486744e-65, 0.0, 1.5056908763426568e-11, 1.372708711496436e-29, 1.6301369373027391e-155, 1.2120453373271523e-06, 7.598641035675137e-05, 2.639322715053019e-276, 1.7406102549451647e-203, 5.585093862583204e-195, 0.5546089357291426, 2.709467068152657e-12, 0.0, 1.7624338823537957e-112, 3.4948193996128754e-238, 2.5956323342609347e-73, 1.7143739883844048e-65, 1.2799864041564669e-20, 0.0, 3.643043828921467e-12, 3.208672131055368e-38, 3.118218027252103e-205, 5.180584588612587e-248, 9.199991476214955e-109, 0.0, 7.082498233135652, 1.1123419813112576e-73, 0.0, 0.0, 8.597682545471758e-11, 7.107798584555416e-105, 0.050027084356510675, 8.84743078596578e-140, 1.4730042860076658e-34, 1.5863977974454256e-13, 8.929574869789413e-214, 5.9536173740686e-65, 6.20931513089813e-21, 1.750366267927044e-24, 5.2218240095377185e-33, 6.809278096529929e-19, 7.717076838463316e-38, 0.29285663203611295, 5.744294921478204e-41, 1.635907576234217e-19, 0.00016576434205331023, 2.825211547388902e-24, 1.6022369583595467e-15, 1.5565528163505903e-25, 3.879201128300914e-46, 1.1495544344231476, 2.2960761885571097e-41, 5.5258568504840885e-102, 1.6449515587157283e-134, 6.418209719500055e-147, 0.0, 2.3264765143185552e-67, 1.7300942351603323e-148, 0.007758175365152156, 6.783826757956876e-157, 1.6415284728149952e-28, 2.065035564790558e-100, 0.0005915744570320458, 1.1107535294858215e-35, 2.7136688791103414e-95, 1.5102414954596826e-28, 7.8314887566422676e-87, 3.062934505178324e-36, 8.008039387367174e-14], "tune": [true, true, true, true, true, true, true, true, true, true, true, true, true, true, true, true, true, true, true, true, true, true, true, true, true, true, true, true, true, true, true, true, true, true, true, true, true, true, true, true, true, true, true, true, true, true, true, true, true, true, true, true, true, true, true, true, true, true, true, true, true, true, true, true, true, true, true, true, true, true, true, true, true, true, true, true, true, true, true, true, false, false, false, false, false, false, false, false, false, false, false, false, false, false, false, false, false, false, false, false, false, false, false, false, false, false, false, false, false, false, false, false, false, false, false, false, false, false, false, false, false]}, {"accept": [Infinity, Infinity, 0.0, 4.4543980628723997e-07, 0.0, 0.0, 2.798353132065593e+245, 3.411255297559769e+136, 0.0, 0.0, 0.0, 0.0, 0.0, 3323362546668.8823, 0.0, 0.0, 0.0, 3.474822140373611e-15, 0.0, 0.0, 0.0, 0.0, 3.467110501353977e-126, 0.0, 0.0, 36655.11977595009, 0.0, 1.3264326802209797e-37, 0.0, 0.0, 0.0, 0.0, 0.0, 0.0, 0.0, 3.8817380217149977e-56, 0.0, 0.0, 0.0, 0.0, 0.0274532292508745, 1.6974237628980337e-299, 10.019309749269931, 0.0, 1.27479805672362e-11, 0.0, 0.0, 4.334957913658543e-148, 0.0, 0.0, 0.0, 0.0, 0.33574211769762935, 0.0, 0.0, 3.461999217998911e-268, 0.0, 0.00022883228918279126, 0.0, 1.7878449933060436, 1.9334925606340017e-226, 7.61321433807421e-174, 0.0, 0.0, 3.1299359558257822e-133, 0.0, 2.4276098102802467e-186, 0.0, 3.8811316567e-313, 0.0, 0.0, 8.406756919323502e-16, 0.0, 0.0, 0.0, 0.0, 0.0, 0.0, 0.0, 5.33160062671226e-59, 0.0, 0.0, 1.7411574968982132e-273, 1.8674416306852868e-137, 0.0, 0.0, 0.0, 9.709840433877654e-28, 0.0, 0.0, 2.7284387687660474e-25, 1.2606753306860183e-54, 0.0, 0.0, 0.0, 0.0, 0.0, 0.5102421221253993, 0.0, 0.0, 0.0, 0.0, 0.0, 0.0, 0.0, 0.0, 0.0, 0.0, 0.0, 2.2549674353769124e-128, 0.0, 0.0, 8.89404749771339e-20, 0.0, 0.008454743645751876, 0.0, 0.0, 0.0, 0.0, 0.0, 0.0],