{"draw_idx": 4, "draws": null, "_stats": [{"depth": [1, 1, 1, 1], "step_size": [0.3471094579176854, 0.03422476343534388, 0.002481643656050639, 0.00015902855249859144], "tune": [true, true, true, true], "mean_tree_accept": [0.0, 0.0, 0.0, 0.0], "step_size_bar": [0.3471094579176854, 0.08754278384004935, 0.018338080408926326, 0.003422706374753555], "tree_size": [1.0, 1.0, 1.0, 1.0], "diverging": [true, true, true, true], "energy_error": [0.0, 0.0, 0.0, 0.0], "energy": [-32863.08009990618, -32862.71702202723, -32863.66335519717, -32862.16981491015], "max_energy_error": [0.0, 0.0, Infinity, -2922.112004600822], "model_logp": [32865.84975227282, 32865.84975227282, 32865.84975227282, 32865.84975227282]}], "chain": 0}